{"cameraMode":{"drawMode":0,"name":"Shaded","section":"Shading Mode"},"sceneLighting":false,"audioPlay":false,"sceneViewState":{"m_AlwaysRefresh":false,"showFog":true,"showSkybox":false,"showFlares":true,"showImageEffects":true,"showParticleSystems":true,"showVisualEffectGraphs":true,"m_FxEnabled":true},"in2DMode":false,"pivot":{"x":-7.194720268249512,"y":42.415428161621097,"z":126.68716430664063},"rotation":{"x":0.07965458184480667,"y":-0.04186224564909935,"z":0.003379596397280693,"w":0.9959927201271057},"size":55.698883056640628,"orthographic":false}