{"cameraMode":{"drawMode":0,"name":"Shaded","section":"Shading Mode"},"sceneLighting":false,"audioPlay":false,"sceneViewState":{"m_AlwaysRefresh":false,"showFog":true,"showSkybox":false,"showFlares":true,"showImageEffects":true,"showParticleSystems":true,"showVisualEffectGraphs":true,"m_FxEnabled":true},"in2DMode":false,"pivot":{"x":452.3221740722656,"y":55.539703369140628,"z":-0.023297138512134553},"rotation":{"x":-0.05188024416565895,"y":0.10466235876083374,"z":0.005482886452227831,"w":0.9931702613830566},"size":127.13536071777344,"orthographic":false}