{"cameraMode":{"drawMode":0,"name":"Shaded","section":"Shading Mode"},"sceneLighting":true,"audioPlay":false,"sceneViewState":{"m_AlwaysRefresh":false,"showFog":true,"showSkybox":true,"showFlares":true,"showImageEffects":true,"showParticleSystems":true,"showVisualEffectGraphs":true,"m_FxEnabled":true},"in2DMode":false,"pivot":{"x":57.79975128173828,"y":2.4211959838867189,"z":144.90037536621095},"rotation":{"x":0.09676120430231095,"y":0.21765932440757752,"z":-0.021643558517098428,"w":0.9710745215415955},"size":47.59083938598633,"orthographic":false}