{"cameraMode":{"drawMode":0,"name":"Shaded","section":"Shading Mode"},"sceneLighting":true,"audioPlay":false,"sceneViewState":{"m_AlwaysRefresh":false,"showFog":true,"showSkybox":true,"showFlares":true,"showImageEffects":true,"showParticleSystems":true,"showVisualEffectGraphs":true,"m_FxEnabled":true},"in2DMode":false,"pivot":{"x":-0.6638190150260925,"y":2.6726605892181398,"z":-1.2506344318389893},"rotation":{"x":-0.1482485830783844,"y":-0.011275742202997208,"z":0.0016815472627058626,"w":-0.9888421297073364},"size":0.0036298336926847698,"orthographic":false}