{"cameraMode":{"drawMode":0,"name":"Shaded","section":"Shading Mode"},"sceneLighting":true,"audioPlay":false,"sceneViewState":{"m_AlwaysRefresh":false,"showFog":true,"showSkybox":true,"showFlares":true,"showImageEffects":true,"showParticleSystems":true,"showVisualEffectGraphs":true,"m_FxEnabled":true},"in2DMode":false,"pivot":{"x":-1756.5841064453125,"y":28.569427490234376,"z":2120.751708984375},"rotation":{"x":-0.0662507712841034,"y":0.021043039858341218,"z":-0.0014190282672643662,"w":-0.9976390600204468},"size":1876.9635009765625,"orthographic":false}